{"cameraMode":{"drawMode":0,"name":"Shaded","section":"Shading Mode"},"sceneLighting":true,"audioPlay":false,"sceneViewState":{"m_AlwaysRefresh":false,"showFog":true,"showSkybox":true,"showFlares":true,"showImageEffects":true,"showParticleSystems":true,"showVisualEffectGraphs":true,"m_FxEnabled":true},"in2DMode":false,"pivot":{"x":-0.05160563811659813,"y":0.1751476526260376,"z":0.5199145078659058},"rotation":{"x":-0.20395003259181977,"y":0.23723262548446656,"z":-0.051015228033065799,"w":-0.9484530091285706},"size":0.7323554158210754,"orthographic":false}